team,index,week,points_avg,wins_avg,playoffs,playoff_bye,winner,runner_up,third,wins_stdev,points_stdev,per_game_avg,per_game_stdev,per_game_fano,earnings,as_of
DJ Chark do do dooo,503.0,91.0,1541.0,8.843,0.9437,0.6443,0.3396,0.2048,0.1929,1.61,85.7,118.5,24.4,0.206,352.41,1
Rollin' with Mahomes,516.0,91.0,1462.2,7.905,0.8334,0.3828,0.1936,0.1752,0.1649,1.714,81.4,112.5,23.6,0.21,223.93,1
The Big Heads,514.0,91.0,1426.3,7.506,0.7738,0.2695,0.171,0.1568,0.1533,1.728,66.6,109.7,19.4,0.177,199.17,1
Sunday ShNoz,507.0,91.0,1404.6,7.571,0.7564,0.2656,0.1131,0.1371,0.1404,1.733,82.3,108.0,23.2,0.215,145.65,1
69ers,479.0,91.0,1352.4,6.828,0.5923,0.1336,0.0543,0.0879,0.0868,1.77,69.0,104.0,20.0,0.192,78.49,1
Kiss'in Cousins,509.0,91.0,1345.6,6.386,0.4911,0.1054,0.046,0.0719,0.0732,1.792,90.5,103.5,25.2,0.244,65.69,1
Football Cream,511.0,91.0,1343.0,6.243,0.4607,0.0754,0.0377,0.0604,0.067,1.714,68.9,103.3,19.7,0.19,54.98,1
The Sofa Kings,510.0,91.0,1312.9,5.668,0.3198,0.0397,0.0188,0.0339,0.0393,1.724,62.0,101.0,17.7,0.175,29.14,1
Crotch de Fuego,497.0,91.0,1245.7,5.158,0.1941,0.0165,0.0069,0.0168,0.0204,1.694,74.6,95.8,20.9,0.218,12.6,1
Wankstas,505.0,91.0,1243.9,5.232,0.2026,0.0212,0.0068,0.017,0.0205,1.709,73.8,95.7,20.6,0.215,12.59,1
All About the D,487.0,91.0,1239.5,5.338,0.2209,0.0237,0.0063,0.0199,0.0195,1.737,68.7,95.3,19.4,0.204,12.96,1
4Nette Finga Bangerz,468.0,91.0,1224.9,5.321,0.2112,0.0223,0.0059,0.0183,0.0218,1.73,77.0,94.2,21.2,0.225,12.39,1
Rollin' with Mahomes,516.0,91.0,1518.6,8.068,0.8772,0.4816,0.3293,0.1814,0.174,1.558,75.3,116.8,22.6,0.194,335.26,2
DJ Chark do do dooo,503.0,91.0,1473.8,7.434,0.7649,0.3033,0.1963,0.1578,0.1496,1.634,81.5,113.4,24.6,0.217,219.34,2
The Big Heads,514.0,91.0,1454.5,7.854,0.8265,0.3633,0.195,0.1777,0.1714,1.656,59.9,111.9,18.9,0.169,226.45,2
69ers,479.0,91.0,1410.0,7.71,0.7711,0.3104,0.0998,0.1394,0.145,1.665,71.9,108.5,21.1,0.194,136.16,2
The Sofa Kings,510.0,91.0,1407.4,6.822,0.6021,0.167,0.0559,0.093,0.0961,1.686,68.2,108.3,22.3,0.206,82.23,2
Kiss'in Cousins,509.0,91.0,1357.4,6.861,0.5634,0.1534,0.0484,0.0837,0.0862,1.707,88.1,104.4,24.6,0.236,72.45,2
Football Cream,511.0,91.0,1349.0,6.019,0.3846,0.0581,0.0298,0.0491,0.0541,1.631,67.8,103.8,19.5,0.188,43.98,2
Sunday ShNoz,507.0,91.0,1300.9,5.972,0.3463,0.0572,0.0231,0.0433,0.0465,1.695,80.3,100.1,25.6,0.256,36.12,2
All About the D,487.0,91.0,1315.1,5.99,0.3495,0.052,0.0089,0.0321,0.0345,1.652,65.6,101.2,22.1,0.218,20.2,2
Crotch de Fuego,497.0,91.0,1243.0,5.714,0.2535,0.0319,0.0069,0.0209,0.0204,1.646,72.4,95.6,20.3,0.212,13.83,2
4Nette Finga Bangerz,468.0,91.0,1276.5,5.093,0.1715,0.0151,0.0039,0.0156,0.0164,1.626,68.5,98.2,20.2,0.205,9.44,2
Wankstas,505.0,91.0,1238.8,4.464,0.0894,0.0067,0.0027,0.006,0.0058,1.634,71.8,95.3,20.0,0.21,4.54,2
Rollin' with Mahomes,516.0,91.0,1484.3,7.92,0.8538,0.4782,0.2932,0.1665,0.1696,1.562,74.9,114.2,22.8,0.2,301.47,3
DJ Chark do do dooo,503.0,91.0,1400.3,6.626,0.5929,0.1615,0.1525,0.109,0.108,1.559,75.2,107.7,23.9,0.222,165.5,3
The Big Heads,514.0,91.0,1340.7,6.675,0.5456,0.143,0.1108,0.0948,0.0901,1.607,64.9,103.1,21.5,0.208,126.09,3
Kiss'in Cousins,509.0,91.0,1347.3,7.538,0.7122,0.2895,0.0897,0.1276,0.1264,1.64,84.6,103.6,24.3,0.235,122.68,3
Sunday ShNoz,507.0,91.0,1328.7,7.096,0.6261,0.1914,0.0884,0.1022,0.108,1.605,77.6,102.2,25.5,0.249,112.18,3
The Sofa Kings,510.0,91.0,1358.1,7.367,0.6998,0.2512,0.0852,0.1226,0.1129,1.624,58.7,104.5,21.1,0.202,116.23,3
69ers,479.0,91.0,1307.1,6.807,0.5358,0.1456,0.0667,0.0888,0.0879,1.614,68.9,100.5,25.1,0.25,88.79,3
All About the D,487.0,91.0,1337.6,7.254,0.6574,0.2269,0.055,0.0989,0.0993,1.638,64.3,102.9,22.0,0.214,83.6,3
Football Cream,511.0,91.0,1330.0,5.51,0.2862,0.0447,0.035,0.0431,0.0455,1.602,66.2,102.3,19.8,0.193,45.48,3
Crotch de Fuego,497.0,91.0,1220.7,6.034,0.2881,0.0497,0.0146,0.028,0.0302,1.574,66.4,93.9,18.7,0.199,23.1,3
4Nette Finga Bangerz,468.0,91.0,1215.6,4.645,0.1013,0.0096,0.005,0.0092,0.012,1.604,68.9,93.5,21.5,0.23,7.96,3
Wankstas,505.0,91.0,1236.3,4.528,0.1008,0.0087,0.0039,0.0093,0.0101,1.608,69.5,95.1,19.4,0.204,6.92,3
Rollin' with Mahomes,516.0,91.0,1525.7,7.924,0.8863,0.4927,0.3702,0.1721,0.167,1.421,72.5,117.4,23.6,0.201,364.49,4
The Big Heads,514.0,91.0,1409.8,7.653,0.8001,0.3269,0.2021,0.1654,0.1602,1.503,62.9,108.4,21.1,0.194,227.32,4
Sunday ShNoz,507.0,91.0,1381.6,7.348,0.7174,0.2573,0.0993,0.1289,0.1301,1.568,78.2,106.3,26.4,0.249,131.12,4
The Sofa Kings,510.0,91.0,1370.9,8.305,0.8694,0.4364,0.0972,0.1691,0.168,1.516,58.0,105.5,21.0,0.2,145.29,4
Football Cream,511.0,91.0,1388.4,6.336,0.5188,0.1019,0.068,0.082,0.083,1.479,65.4,106.8,21.8,0.204,87.3,4
69ers,479.0,91.0,1307.4,6.891,0.5553,0.1327,0.0482,0.0804,0.0829,1.538,66.5,100.6,24.3,0.241,70.97,4
DJ Chark do do dooo,503.0,91.0,1344.6,5.504,0.2928,0.0329,0.0431,0.0463,0.0484,1.503,72.0,103.4,23.6,0.228,53.21,4
Kiss'in Cousins,509.0,91.0,1267.3,6.372,0.4021,0.077,0.0285,0.0537,0.0544,1.566,81.0,97.5,24.8,0.254,44.35,4
All About the D,487.0,91.0,1333.0,6.541,0.5002,0.101,0.0282,0.0644,0.0615,1.521,61.8,102.5,21.6,0.211,48.03,4
4Nette Finga Bangerz,468.0,91.0,1237.7,5.282,0.1744,0.0178,0.0066,0.0157,0.0166,1.519,63.4,95.2,20.2,0.212,11.65,4
Crotch de Fuego,497.0,91.0,1210.3,5.456,0.1836,0.0163,0.0049,0.0131,0.0174,1.471,64.1,93.1,18.0,0.193,9.59,4
Wankstas,505.0,91.0,1307.3,4.39,0.0996,0.0071,0.0037,0.0089,0.0105,1.533,61.0,100.6,20.3,0.201,6.68,4
Rollin' with Mahomes,516.0,91.0,1519.5,8.228,0.9242,0.565,0.3658,0.1912,0.1733,1.361,72.1,116.9,23.3,0.2,367.33,5
The Big Heads,514.0,91.0,1436.8,8.243,0.9055,0.4755,0.2238,0.2074,0.1889,1.443,59.6,110.5,20.0,0.181,260.15,5
The Sofa Kings,510.0,91.0,1355.2,7.865,0.8138,0.2864,0.1147,0.147,0.1532,1.433,56.8,104.2,22.8,0.218,151.18,5
Sunday ShNoz,507.0,91.0,1372.3,7.302,0.7232,0.2046,0.1035,0.1199,0.1314,1.454,69.9,105.6,25.7,0.243,131.91,5
All About the D,487.0,91.0,1372.0,7.51,0.7622,0.2449,0.0543,0.1097,0.1104,1.443,59.4,105.5,21.0,0.199,87.39,5
Football Cream,511.0,91.0,1378.9,6.394,0.5302,0.0907,0.0522,0.0759,0.0863,1.41,59.9,106.1,20.5,0.194,73.16,5
69ers,479.0,91.0,1299.4,6.204,0.389,0.0477,0.0317,0.0482,0.0559,1.41,62.5,100.0,23.8,0.239,45.41,5
DJ Chark do do dooo,503.0,91.0,1345.2,4.984,0.1835,0.011,0.0264,0.0277,0.0286,1.388,71.4,103.5,23.7,0.229,32.29,5
Kiss'in Cousins,509.0,91.0,1239.0,5.728,0.2464,0.0258,0.0101,0.0231,0.0232,1.466,66.6,95.3,21.5,0.225,17.33,5
Crotch de Fuego,497.0,91.0,1229.9,5.969,0.2687,0.0317,0.0077,0.0255,0.0244,1.394,60.9,94.6,18.6,0.196,16.25,5
Wankstas,505.0,91.0,1335.2,4.893,0.1677,0.0128,0.0073,0.0159,0.0167,1.433,61.1,102.7,20.4,0.199,12.28,5
4Nette Finga Bangerz,468.0,91.0,1232.6,4.681,0.0856,0.0039,0.0025,0.0085,0.0077,1.433,58.3,94.8,19.4,0.205,5.32,5
Rollin' with Mahomes,516.0,91.0,1485.2,7.522,0.8327,0.3996,0.3455,0.1476,0.1518,1.281,64.1,114.2,24.0,0.21,335.86,6
Sunday ShNoz,507.0,91.0,1419.0,8.164,0.8772,0.4914,0.1657,0.192,0.1816,1.336,65.8,109.2,26.1,0.239,208.32,6
The Big Heads,514.0,91.0,1380.3,7.136,0.6702,0.1929,0.119,0.1209,0.1284,1.342,55.3,106.2,20.3,0.191,144.31,6
Football Cream,511.0,91.0,1429.9,7.012,0.6929,0.2165,0.0969,0.1208,0.125,1.304,56.1,110.0,22.4,0.204,126.26,6
All About the D,487.0,91.0,1370.3,7.804,0.7932,0.3189,0.0718,0.1271,0.1271,1.35,55.2,105.4,20.5,0.195,108.28,6
The Sofa Kings,510.0,91.0,1306.3,7.061,0.5643,0.1362,0.0692,0.0866,0.09,1.381,54.9,100.5,25.3,0.251,90.34,6
69ers,479.0,91.0,1347.9,6.046,0.3651,0.0566,0.0451,0.0576,0.0524,1.355,62.3,103.7,25.2,0.243,58.6,6
Wankstas,505.0,91.0,1383.7,6.317,0.4783,0.0905,0.0317,0.0638,0.0573,1.376,58.9,106.4,20.6,0.194,50.23,6
DJ Chark do do dooo,503.0,91.0,1345.3,5.186,0.1855,0.0203,0.0275,0.0274,0.0287,1.33,70.9,103.5,23.5,0.227,33.09,6
Kiss'in Cousins,509.0,91.0,1319.0,6.321,0.389,0.0674,0.023,0.0446,0.0462,1.388,60.3,101.5,26.1,0.257,36.4,6
Crotch de Fuego,497.0,91.0,1178.2,5.382,0.12,0.0085,0.0032,0.0091,0.0082,1.274,59.1,90.6,20.9,0.231,6.11,6
4Nette Finga Bangerz,468.0,91.0,1246.0,4.047,0.0316,0.0012,0.0014,0.0025,0.0033,1.333,54.7,95.8,18.8,0.197,2.2,6
Rollin' with Mahomes,516.0,91.0,1441.4,6.816,0.6981,0.2589,0.2598,0.1252,0.1244,1.23,59.8,110.9,23.3,0.21,257.84,7
The Big Heads,514.0,91.0,1379.3,7.204,0.7394,0.2798,0.1765,0.1364,0.1382,1.246,53.8,106.1,20.9,0.197,195.94,7
Football Cream,511.0,91.0,1417.0,7.35,0.7949,0.3567,0.1321,0.1477,0.1515,1.228,54.9,109.0,22.4,0.205,165.14,7
All About the D,487.0,91.0,1364.4,7.622,0.8011,0.3628,0.1008,0.1425,0.1438,1.267,52.6,105.0,20.5,0.195,137.77,7
Sunday ShNoz,507.0,91.0,1333.8,6.948,0.6187,0.1867,0.0915,0.1085,0.103,1.297,57.8,102.6,26.6,0.26,116.05,7
The Sofa Kings,510.0,91.0,1263.3,7.477,0.6708,0.2394,0.0854,0.1158,0.114,1.305,62.1,97.2,27.1,0.279,114.46,7
Wankstas,505.0,91.0,1370.2,6.546,0.5522,0.1451,0.0513,0.0785,0.0802,1.289,54.2,105.4,20.1,0.19,72.61,7
DJ Chark do do dooo,503.0,91.0,1322.3,5.489,0.2229,0.0307,0.0345,0.0351,0.0341,1.231,62.1,101.7,21.0,0.206,41.54,7
Crotch de Fuego,497.0,91.0,1263.1,6.461,0.3954,0.0831,0.0254,0.0483,0.05,1.249,62.5,97.2,25.6,0.264,39.81,7
69ers,479.0,91.0,1291.9,5.269,0.1575,0.0165,0.0205,0.0219,0.0212,1.228,57.2,99.4,24.1,0.243,25.09,7
Kiss'in Cousins,509.0,91.0,1275.0,5.628,0.2149,0.0286,0.014,0.0246,0.0251,1.289,56.1,98.1,27.0,0.275,21.09,7
4Nette Finga Bangerz,468.0,91.0,1273.7,5.19,0.1341,0.0117,0.0082,0.0155,0.0145,1.259,49.6,98.0,18.8,0.192,12.66,7
Rollin' with Mahomes,516.0,91.0,1374.8,6.783,0.6405,0.2101,0.1958,0.1181,0.1162,1.18,57.6,105.8,22.8,0.216,203.69,8
The Big Heads,514.0,91.0,1348.1,7.573,0.7967,0.3507,0.1847,0.1554,0.1529,1.183,49.2,103.7,21.0,0.202,209.67,8
Football Cream,511.0,91.0,1428.5,7.686,0.8791,0.5004,0.1578,0.1753,0.1798,1.155,52.3,109.9,21.9,0.199,196.81,8
The Sofa Kings,510.0,91.0,1271.9,7.399,0.6657,0.2221,0.1207,0.1168,0.1172,1.189,51.2,97.8,25.9,0.265,143.32,8
DJ Chark do do dooo,503.0,91.0,1374.8,6.318,0.5103,0.1294,0.1009,0.0869,0.093,1.156,62.2,105.8,21.9,0.207,116.09,8
Wankstas,505.0,91.0,1378.6,7.088,0.7242,0.2572,0.0768,0.111,0.1112,1.196,50.3,106.0,19.5,0.184,105.86,8
Sunday ShNoz,507.0,91.0,1328.4,6.274,0.4337,0.0824,0.0592,0.067,0.0625,1.208,55.3,102.2,26.1,0.255,73.71,8
All About the D,487.0,91.0,1292.6,6.578,0.4499,0.1006,0.034,0.0589,0.0601,1.18,50.3,99.4,22.4,0.225,50.88,8
Crotch de Fuego,497.0,91.0,1281.7,6.318,0.3726,0.076,0.0298,0.0465,0.0414,1.192,58.3,98.6,24.8,0.252,41.93,8
Kiss'in Cousins,509.0,91.0,1288.2,6.222,0.3443,0.0603,0.0206,0.0388,0.0409,1.174,49.9,99.1,26.3,0.265,32.21,8
69ers,479.0,91.0,1295.9,5.202,0.1425,0.0097,0.0162,0.0211,0.0199,1.163,54.2,99.7,24.1,0.242,21.28,8
4Nette Finga Bangerz,468.0,91.0,1224.6,4.56,0.0405,0.0011,0.0035,0.0042,0.0049,1.18,50.5,94.2,20.2,0.215,4.55,8
Rollin' with Mahomes,516.0,91.0,1360.3,6.996,0.6782,0.2124,0.1902,0.1224,0.1237,1.091,52.2,104.6,21.2,0.202,201.25,9
Football Cream,511.0,91.0,1471.9,8.013,0.9428,0.6357,0.1689,0.2063,0.1938,1.084,47.4,113.2,23.2,0.204,216.39,9
DJ Chark do do dooo,503.0,91.0,1421.4,6.708,0.6504,0.2111,0.1549,0.1185,0.1248,1.102,56.2,109.3,25.6,0.234,171.95,9
Sunday ShNoz,507.0,91.0,1391.6,7.105,0.7495,0.2563,0.1189,0.1281,0.1285,1.063,51.1,107.0,29.6,0.277,146.4,9
The Big Heads,514.0,91.0,1318.0,6.946,0.6079,0.1481,0.1172,0.1017,0.0963,1.071,44.3,101.4,21.3,0.21,133.9,9
The Sofa Kings,510.0,91.0,1256.3,7.604,0.7018,0.2512,0.1133,0.1269,0.1233,1.087,46.1,96.6,25.7,0.266,141.04,9
Wankstas,505.0,91.0,1389.4,6.584,0.588,0.1303,0.0546,0.0719,0.0853,1.103,46.0,106.9,19.0,0.178,73.78,9
Crotch de Fuego,497.0,91.0,1310.4,6.159,0.3484,0.0615,0.029,0.0449,0.0431,1.09,52.0,100.8,24.1,0.239,40.98,9
All About the D,487.0,91.0,1301.3,6.331,0.3905,0.0651,0.0281,0.0449,0.0452,1.112,46.6,100.1,21.7,0.217,40.47,9
69ers,479.0,91.0,1264.1,5.559,0.1424,0.0076,0.0165,0.0156,0.0153,1.034,50.2,97.2,23.9,0.246,19.41,9
Kiss'in Cousins,509.0,91.0,1245.0,5.844,0.1913,0.0207,0.0083,0.018,0.0197,1.084,46.7,95.8,27.5,0.288,14.01,9
4Nette Finga Bangerz,468.0,91.0,1189.8,4.15,0.0088,0.0,0.0001,0.0008,0.001,1.068,48.5,91.5,21.0,0.23,0.42,9
Football Cream,511.0,91.0,1492.5,8.9,0.9994,0.9007,0.2361,0.2425,0.2417,0.977,44.0,114.8,22.3,0.194,285.8,10
Rollin' with Mahomes,516.0,91.0,1317.0,7.344,0.7627,0.247,0.2066,0.1433,0.144,0.98,47.5,101.3,21.3,0.21,222.67,10
DJ Chark do do dooo,503.0,91.0,1428.0,6.195,0.517,0.0902,0.1462,0.0887,0.0869,0.975,50.8,109.8,24.9,0.227,152.26,10
The Sofa Kings,510.0,91.0,1221.0,7.664,0.7642,0.2444,0.0942,0.1189,0.1211,0.967,41.8,93.9,23.7,0.253,123.14,10
Sunday ShNoz,507.0,91.0,1400.1,6.385,0.5509,0.0901,0.0744,0.0853,0.0876,0.958,46.2,107.7,29.0,0.269,93.87,10
Wankstas,505.0,91.0,1415.7,6.298,0.5365,0.0849,0.071,0.0813,0.0749,0.985,41.1,108.9,17.6,0.162,88.68,10
The Big Heads,514.0,91.0,1293.5,6.246,0.3718,0.0366,0.0619,0.0573,0.0555,0.978,38.5,99.5,20.9,0.21,72.26,10
All About the D,487.0,91.0,1341.2,7.064,0.7024,0.2045,0.0588,0.0947,0.0981,0.993,41.5,103.2,21.2,0.206,85.26,10
Kiss'in Cousins,509.0,91.0,1292.2,6.749,0.5388,0.0865,0.0308,0.0564,0.0604,0.975,42.1,99.4,29.9,0.301,47.6,10
Crotch de Fuego,497.0,91.0,1278.2,5.705,0.2022,0.0151,0.016,0.0259,0.0237,0.983,47.0,98.3,24.8,0.252,22.94,10
69ers,479.0,91.0,1206.1,4.984,0.0361,0.0,0.0032,0.0047,0.0044,0.948,44.7,92.8,23.9,0.258,4.41,10
4Nette Finga Bangerz,468.0,91.0,1233.7,4.466,0.018,0.0,0.0008,0.001,0.0017,0.955,42.3,94.9,24.8,0.261,1.11,10
Rollin' with Mahomes,516.0,91.0,1319.1,7.643,0.8963,0.2701,0.2668,0.1555,0.1567,0.856,40.2,101.5,20.4,0.201,275.76,11
Football Cream,511.0,91.0,1453.5,8.381,1.0,0.8149,0.2184,0.2331,0.239,0.838,37.2,111.8,22.7,0.203,268.55,11
All About the D,487.0,91.0,1374.5,7.784,0.9397,0.4651,0.1169,0.1665,0.1722,0.849,35.1,105.7,21.9,0.207,160.69,11
The Big Heads,514.0,91.0,1287.8,6.675,0.5731,0.0381,0.0948,0.0891,0.08,0.837,34.4,99.1,20.1,0.203,110.57,11
The Sofa Kings,510.0,91.0,1227.9,7.304,0.7284,0.1041,0.0851,0.106,0.0988,0.855,37.6,94.5,23.3,0.247,109.76,11
Kiss'in Cousins,509.0,91.0,1338.6,7.573,0.9002,0.2903,0.0795,0.1252,0.1302,0.86,37.5,103.0,30.7,0.298,114.18,11
DJ Chark do do dooo,503.0,91.0,1398.7,5.492,0.2769,0.011,0.0646,0.0415,0.0401,0.852,43.2,107.6,24.2,0.225,68.14,11
Wankstas,505.0,91.0,1391.2,5.591,0.2748,0.0041,0.0345,0.0402,0.0361,0.853,35.3,107.0,17.7,0.165,43.27,11
69ers,479.0,91.0,1186.6,5.73,0.1196,0.0,0.0146,0.0131,0.0159,0.834,37.5,91.3,24.1,0.264,17.2,11
Sunday ShNoz,507.0,91.0,1337.3,5.429,0.1525,0.002,0.0146,0.0158,0.0185,0.84,38.3,102.9,30.4,0.296,18.27,11
Crotch de Fuego,497.0,91.0,1256.9,5.306,0.096,0.0003,0.008,0.0099,0.0084,0.856,41.8,96.7,24.9,0.258,10.21,11
4Nette Finga Bangerz,468.0,91.0,1238.9,5.092,0.0425,0.0,0.0022,0.0041,0.0041,0.829,34.5,95.3,24.2,0.254,3.4,11
Football Cream,511.0,91.0,1437.0,8.147,1.0,0.8571,0.2575,0.2234,0.2555,0.695,29.1,110.5,23.5,0.213,298.57,12
Rollin' with Mahomes,516.0,91.0,1273.2,6.921,0.6869,0.0824,0.159,0.1091,0.1,0.692,32.6,97.9,19.0,0.194,169.93,12
All About the D,487.0,91.0,1363.2,7.978,0.9995,0.6941,0.1444,0.2093,0.2047,0.704,28.3,104.9,21.3,0.203,198.78,12
The Big Heads,514.0,91.0,1272.1,7.137,0.7869,0.0938,0.1412,0.1209,0.1216,0.682,28.8,97.9,19.0,0.195,161.39,12
Kiss'in Cousins,509.0,91.0,1336.9,7.109,0.8276,0.1783,0.0933,0.1202,0.1137,0.69,31.0,102.8,30.5,0.296,122.07,12
Wankstas,505.0,91.0,1365.4,6.113,0.4629,0.0269,0.0639,0.0676,0.0592,0.71,28.9,105.0,18.0,0.171,77.32,12
The Sofa Kings,510.0,91.0,1211.2,6.889,0.543,0.0514,0.061,0.0705,0.0683,0.697,29.1,93.2,22.3,0.24,76.78,12
DJ Chark do do dooo,503.0,91.0,1358.2,5.802,0.3046,0.0158,0.0471,0.0349,0.0347,0.681,34.6,104.5,22.9,0.22,51.62,12
Crotch de Fuego,497.0,91.0,1249.6,5.925,0.2059,0.0002,0.0201,0.0258,0.0257,0.707,33.4,96.1,24.1,0.251,26.39,12
4Nette Finga Bangerz,468.0,91.0,1253.7,5.761,0.1218,0.0,0.0072,0.0113,0.009,0.68,27.7,96.4,23.3,0.241,10.05,12
Sunday ShNoz,507.0,91.0,1341.3,4.995,0.0609,0.0,0.0053,0.007,0.0076,0.705,33.3,103.2,29.9,0.29,7.1,12
69ers,479.0,91.0,1159.3,5.224,0.0,0.0,0.0,0.0,0.0,0.676,31.8,89.2,23.5,0.264,0.0,12
Football Cream,511.0,91.0,1431.9,8.565,1.0,1.0,0.2507,0.2428,0.2725,0.496,20.1,110.1,23.0,0.208,300.65,13
Rollin' with Mahomes,516.0,91.0,1276.7,7.551,1.0,0.0,0.209,0.1457,0.1403,0.497,23.0,98.2,17.8,0.181,224.94,13
All About the D,487.0,91.0,1393.8,8.606,1.0,1.0,0.1818,0.2444,0.2506,0.489,20.5,107.2,21.3,0.199,243.82,13
The Big Heads,514.0,91.0,1238.3,7.449,1.0,0.0,0.1456,0.1472,0.1301,0.497,20.4,95.3,18.4,0.193,173.65,13
Kiss'in Cousins,509.0,91.0,1317.4,6.491,0.6205,0.0,0.0545,0.0672,0.0635,0.5,22.0,101.3,30.5,0.301,70.11,13
The Sofa Kings,510.0,91.0,1209.5,6.517,0.5174,0.0,0.0523,0.0575,0.0562,0.5,21.7,93.0,21.6,0.232,64.71,13
Wankstas,505.0,91.0,1372.1,5.583,0.4058,0.0,0.052,0.0511,0.047,0.493,21.2,105.5,17.2,0.163,61.63,13
DJ Chark do do dooo,503.0,91.0,1338.7,5.483,0.3246,0.0,0.0436,0.0309,0.0269,0.5,24.6,103.0,23.1,0.224,46.84,13
Sunday ShNoz,507.0,91.0,1327.3,5.435,0.1298,0.0,0.0104,0.0128,0.0128,0.496,23.3,102.1,29.3,0.287,13.44,13
4Nette Finga Bangerz,468.0,91.0,1238.1,5.394,0.0005,0.0,0.0001,0.0001,0.0,0.489,18.9,95.2,23.2,0.243,0.11,13
69ers,479.0,91.0,1158.1,5.509,0.0,0.0,0.0,0.0,0.0,0.5,23.0,89.1,22.7,0.255,0.0,13
Crotch de Fuego,497.0,91.0,1228.8,5.417,0.0014,0.0,0.0,0.0003,0.0001,0.493,23.4,94.5,23.3,0.246,0.1,13
Football Cream,511.0,91.0,1420.4,9.0,1.0,1.0,0.2837,0.2484,0.2626,0.0,0.0,109.3,22.5,0.206,327.74,14
Rollin' with Mahomes,516.0,91.0,1253.1,8.0,1.0,0.0,0.18,0.139,0.1095,0.0,0.0,97.7,16.9,0.173,196.65,14
All About the D,487.0,91.0,1397.0,9.0,1.0,1.0,0.1667,0.2338,0.2563,0.0,0.0,107.5,20.5,0.19,229.13,14
The Sofa Kings,510.0,91.0,1200.3,7.0,1.0,0.0,0.1414,0.1391,0.0988,0.0,0.0,93.8,21.2,0.226,164.73,14
The Big Heads,514.0,91.0,1209.8,7.0,1.0,0.0,0.1213,0.1277,0.1432,0.0,0.0,94.2,17.6,0.187,149.67,14
Kiss'in Cousins,509.0,91.0,1343.1,7.0,1.0,0.0,0.1069,0.112,0.1296,0.0,0.0,103.5,30.6,0.295,132.08,14
4Nette Finga Bangerz,468.0,91.0,1223.0,5.0,0.0,0.0,0.0,0.0,0.0,0.0,0.0,94.0,22.7,0.241,0.0,14
69ers,479.0,91.0,1169.0,5.0,0.0,0.0,0.0,0.0,0.0,0.0,0.0,91.1,23.0,0.252,0.0,14
Crotch de Fuego,497.0,91.0,1218.5,6.0,0.0,0.0,0.0,0.0,0.0,0.0,0.0,93.7,22.1,0.236,0.0,14
DJ Chark do do dooo,503.0,91.0,1328.0,5.0,0.0,0.0,0.0,0.0,0.0,0.0,0.0,102.2,22.1,0.217,0.0,14
Sunday ShNoz,507.0,91.0,1294.2,5.0,0.0,0.0,0.0,0.0,0.0,0.0,0.0,99.9,29.3,0.293,0.0,14
Wankstas,505.0,91.0,1324.2,5.0,0.0,0.0,0.0,0.0,0.0,0.0,0.0,102.6,19.6,0.191,0.0,14
Football Cream,511.0,91.0,1420.4,9.0,1.0,1.0,0.3303,0.2616,0.228,0.0,0.0,109.6,22.4,0.204,365.52,15
The Sofa Kings,510.0,91.0,1200.3,7.0,1.0,0.0,0.258,0.2671,0.2403,0.0,0.0,95.8,22.0,0.229,310.56,15
All About the D,487.0,91.0,1397.0,9.0,1.0,1.0,0.2225,0.2524,0.2498,0.0,0.0,107.5,20.4,0.19,278.7,15
Kiss'in Cousins,509.0,91.0,1343.1,7.0,1.0,0.0,0.1892,0.2189,0.2819,0.0,0.0,104.5,29.6,0.283,245.22,15
4Nette Finga Bangerz,468.0,91.0,1223.0,5.0,0.0,0.0,0.0,0.0,0.0,0.0,0.0,93.8,22.3,0.237,0.0,15
69ers,479.0,91.0,1169.0,5.0,0.0,0.0,0.0,0.0,0.0,0.0,0.0,90.2,22.2,0.247,0.0,15
Crotch de Fuego,497.0,91.0,1218.5,6.0,0.0,0.0,0.0,0.0,0.0,0.0,0.0,94.4,22.4,0.237,0.0,15
DJ Chark do do dooo,503.0,91.0,1328.0,5.0,0.0,0.0,0.0,0.0,0.0,0.0,0.0,102.9,22.5,0.219,0.0,15
Rollin' with Mahomes,516.0,91.0,1253.1,8.0,1.0,0.0,0.0,0.0,0.0,0.0,0.0,97.2,16.5,0.17,0.0,15
Sunday ShNoz,507.0,91.0,1294.2,5.0,0.0,0.0,0.0,0.0,0.0,0.0,0.0,99.3,28.2,0.284,0.0,15
The Big Heads,514.0,91.0,1209.8,7.0,1.0,0.0,0.0,0.0,0.0,0.0,0.0,94.1,17.1,0.182,0.0,15
Wankstas,505.0,91.0,1324.2,5.0,0.0,0.0,0.0,0.0,0.0,0.0,0.0,103.5,19.2,0.186,0.0,15
Football Cream,511.0,91.0,1420.4,9.0,1.0,1.0,0.5245,0.4755,0.0,0.0,0.0,108.7,21.9,0.201,562.25,16
The Sofa Kings,510.0,91.0,1200.3,7.0,1.0,0.0,0.4755,0.5245,0.0,0.0,0.0,99.2,24.7,0.249,537.75,16
4Nette Finga Bangerz,468.0,91.0,1223.0,5.0,0.0,0.0,0.0,0.0,0.0,0.0,0.0,93.6,21.6,0.231,0.0,16
69ers,479.0,91.0,1169.0,5.0,0.0,0.0,0.0,0.0,0.0,0.0,0.0,89.5,21.3,0.237,0.0,16
All About the D,487.0,91.0,1397.0,9.0,1.0,1.0,0.0,0.0,0.7426,0.0,0.0,107.2,20.0,0.186,74.26,16
Crotch de Fuego,497.0,91.0,1218.5,6.0,0.0,0.0,0.0,0.0,0.0,0.0,0.0,96.0,22.3,0.232,0.0,16
DJ Chark do do dooo,503.0,91.0,1328.0,5.0,0.0,0.0,0.0,0.0,0.0,0.0,0.0,103.9,22.1,0.213,0.0,16
Kiss'in Cousins,509.0,91.0,1343.1,7.0,1.0,0.0,0.0,0.0,0.2574,0.0,0.0,102.3,29.1,0.285,25.74,16
Rollin' with Mahomes,516.0,91.0,1253.1,8.0,1.0,0.0,0.0,0.0,0.0,0.0,0.0,98.0,16.7,0.17,0.0,16
Sunday ShNoz,507.0,91.0,1294.2,5.0,0.0,0.0,0.0,0.0,0.0,0.0,0.0,99.6,27.4,0.275,0.0,16
The Big Heads,514.0,91.0,1209.8,7.0,1.0,0.0,0.0,0.0,0.0,0.0,0.0,91.8,16.4,0.179,0.0,16
Wankstas,505.0,91.0,1324.2,5.0,0.0,0.0,0.0,0.0,0.0,0.0,0.0,104.7,20.1,0.192,0.0,16
The Sofa Kings,510.0,91.0,1200.3,7.0,1.0,0.0,1.0,0.0,0.0,0.0,0.0,101.1,26.2,0.259,800.0,17
4Nette Finga Bangerz,468.0,91.0,1223.0,5.0,0.0,0.0,0.0,0.0,0.0,0.0,0.0,93.6,21.6,0.231,0.0,17
69ers,479.0,91.0,1169.0,5.0,0.0,0.0,0.0,0.0,0.0,0.0,0.0,89.5,21.3,0.237,0.0,17
All About the D,487.0,91.0,1397.0,9.0,1.0,1.0,0.0,0.0,1.0,0.0,0.0,106.7,19.1,0.179,100.0,17
Crotch de Fuego,497.0,91.0,1218.5,6.0,0.0,0.0,0.0,0.0,0.0,0.0,0.0,94.8,21.4,0.226,0.0,17
DJ Chark do do dooo,503.0,91.0,1328.0,5.0,0.0,0.0,0.0,0.0,0.0,0.0,0.0,100.0,23.7,0.237,0.0,17
Football Cream,511.0,91.0,1420.4,9.0,1.0,1.0,0.0,1.0,0.0,0.0,0.0,106.4,22.4,0.21,300.0,17
Kiss'in Cousins,509.0,91.0,1343.1,7.0,1.0,0.0,0.0,0.0,0.0,0.0,0.0,100.6,30.0,0.298,0.0,17
Rollin' with Mahomes,516.0,91.0,1253.1,8.0,1.0,0.0,0.0,0.0,0.0,0.0,0.0,98.0,16.7,0.17,0.0,17
Sunday ShNoz,507.0,91.0,1294.2,5.0,0.0,0.0,0.0,0.0,0.0,0.0,0.0,101.2,27.6,0.273,0.0,17
The Big Heads,514.0,91.0,1209.8,7.0,1.0,0.0,0.0,0.0,0.0,0.0,0.0,91.8,16.4,0.179,0.0,17
Wankstas,505.0,91.0,1324.2,5.0,0.0,0.0,0.0,0.0,0.0,0.0,0.0,102.5,21.5,0.209,0.0,17
